,Name,Team,Mins Per Game,Field Goal %,Rebounds Per Game,Assists Per Game,Steals Per Game,Blocks Per Game,Turnovers Per Game,Points Per Game
0,Trae Young,ATL,34.9,.460,3.7,9.7,0.9,0.1,4.0,28.4
1,John Collins,ATL,30.8,.526,7.8,1.8,0.6,1.0,1.1,16.2
2,De'Andre Hunter,ATL,29.8,.442,3.3,1.3,0.7,0.4,1.3,13.4
3,Kevin Huerter,ATL,29.6,.454,3.4,2.7,0.7,0.4,1.2,12.1
4,Bogdan Bogdanović,ATL,29.3,.431,4.0,3.1,1.1,0.2,1.1,15.1
5,Chaundee Brown Jr.,ATL,27.7,.360,4.7,1.3,0.7,0.0,0.0,9.7
6,Clint Capela,ATL,27.6,.613,11.9,1.2,0.7,1.3,0.6,11.1
7,Wes Iwundu,ATL,27.3,.444,4.3,0.0,0.3,0.0,0.3,7.3
8,Danilo Gallinari,ATL,25.3,.434,4.7,1.5,0.4,0.2,0.6,11.7
9,Cam Reddish,ATL,23.4,.402,2.5,1.1,1.0,0.3,1.3,11.9
10,Cameron Oliver,ATL,21.5,.667,3.0,1.5,0.5,0.5,0.0,11.5
11,Onyeka Okongwu,ATL,20.7,.690,5.9,1.1,0.6,1.3,0.9,8.2
12,Delon Wright,ATL,18.9,.454,2.9,2.4,1.2,0.2,0.6,4.4
13,Malcolm Hill,ATL,15.3,.625,2.0,0.3,1.3,0.3,0.0,5.7
14,Lou Williams,ATL,14.3,.391,1.6,1.9,0.5,0.1,0.8,6.3
15,Timothé Luwawu-Cabarrot,ATL,13.2,.398,1.6,0.8,0.3,0.1,0.4,4.4
16,Lance Stephenson,ATL,11.7,.385,2.5,1.8,0.0,0.0,0.7,1.8
17,Solomon Hill,ATL,10.7,.150,1.8,0.9,0.3,0.2,0.1,0.6
18,Gorgui Dieng,ATL,8.4,.473,2.8,0.8,0.3,0.3,0.5,3.5
19,Skylar Mays,ATL,7.9,.500,0.9,0.6,0.3,0.0,0.4,2.9
20,Kevin Knox,ATL,6.5,.356,1.3,0.4,0.1,0.1,0.1,2.7
21,Jalen Johnson,ATL,5.5,.537,1.2,0.1,0.1,0.1,0.4,2.4
22,Cat Barber,ATL,4.3,.000,1.0,1.0,0.0,0.0,0.3,0.0
23,Sharife Cooper,ATL,3.0,.214,0.4,0.4,0.0,0.0,0.4,0.5
24,Jayson Tatum,BOS,35.9,.453,8.0,4.4,1.0,0.6,2.9,26.9
25,Jaylen Brown,BOS,33.6,.473,6.1,3.5,1.1,0.3,2.7,23.6
26,Marcus Smart,BOS,32.3,.418,3.8,5.9,1.7,0.3,2.2,12.1
27,Robert Williams,BOS,29.6,.736,9.6,2.0,0.9,2.2,1.0,10.0
28,Dennis Schröder,BOS,29.2,.440,3.3,4.2,0.8,0.1,2.1,14.4
29,Al Horford,BOS,29.1,.467,7.7,3.4,0.7,1.3,0.9,10.2
30,Derrick White,BOS,27.4,.409,3.4,3.5,0.6,0.6,1.2,11.0
31,Josh Richardson,BOS,24.7,.443,2.8,1.5,0.8,0.5,0.9,9.7
32,Grant Williams,BOS,24.4,.475,3.6,1.0,0.5,0.7,0.8,7.8
33,Daniel Theis,BOS,18.7,.598,4.7,1.0,0.4,0.7,0.7,7.9
34,Romeo Langford,BOS,16.5,.429,2.4,0.4,0.5,0.4,0.4,4.7
35,Payton Pritchard,BOS,14.1,.429,1.9,2.0,0.4,0.1,0.6,6.2
36,Enes Freedom,BOS,11.7,.526,4.6,0.2,0.1,0.4,0.6,3.7
37,Aaron Nesmith,BOS,11.0,.396,1.7,0.4,0.4,0.1,0.6,3.8
38,Jabari Parker,BOS,9.3,.474,2.3,0.5,0.3,0.1,0.7,4.4
39,Luke Kornet,BOS,7.1,.571,2.1,0.7,0.3,0.2,0.0,2.2
40,Sam Hauser,BOS,6.1,.460,1.1,0.4,0.0,0.1,0.1,2.5
41,Juancho Hernangómez,BOS,5.3,.185,1.4,0.2,0.2,0.1,0.3,1.1
42,Matt Ryan,BOS,5.0,.200,0.0,0.0,1.0,0.0,0.0,3.0
43,Brodric Thomas,BOS,5.0,.444,0.8,0.9,0.1,0.1,0.5,1.8
44,Juwan Morgan,BOS,4.0,,0.0,0.0,0.0,0.0,0.0,0.0
45,Malik Fitts,BOS,3.5,.600,0.9,0.6,0.0,0.0,0.0,1.9
46,Bruno Fernando,BOS,2.9,.500,0.8,0.2,0.0,0.2,0.3,1.0
47,Nik Stauskas,BOS,2.5,.333,0.0,0.2,0.0,0.0,0.2,1.2
48,C.J. Miles,BOS,2.0,,0.0,0.0,0.0,0.0,0.0,0.0
49,Kelan Martin,BOS,2.0,.000,0.7,0.0,0.0,0.0,0.0,0.0
50,Joe Johnson,BOS,2.0,1.000,0.0,0.0,0.0,0.0,0.0,2.0
51,Justin Jackson,BOS,2.0,.000,0.0,0.0,0.0,0.0,0.0,2.0
52,Kyrie Irving,BRK,37.6,.469,4.4,5.8,1.4,0.6,2.5,27.4
53,Kevin Durant,BRK,37.2,.518,7.4,6.4,0.9,0.9,3.5,29.9
54,James Harden,BRK,37.0,.414,8.0,10.2,1.3,0.7,4.8,22.5
55,Joe Harris,BRK,30.2,.452,4.0,1.0,0.5,0.1,1.1,11.3
56,Seth Curry,BRK,29.9,.493,2.6,2.6,0.9,0.2,1.3,14.9
57,Patty Mills,BRK,29.0,.408,1.9,2.3,0.6,0.2,0.9,11.4
58,Goran Dragić,BRK,25.5,.376,3.2,4.8,0.9,0.2,2.1,7.3
59,Bruce Brown,BRK,24.6,.506,4.8,2.1,1.1,0.7,0.8,9.0
60,LaMarcus Aldridge,BRK,22.3,.550,5.5,0.9,0.3,1.0,0.9,12.9
61,Andre Drummond,BRK,22.3,.610,10.3,1.4,0.9,1.0,1.5,11.8
62,Nic Claxton,BRK,20.7,.674,5.6,0.9,0.5,1.1,0.8,8.7
63,Kessler Edwards,BRK,20.6,.412,3.6,0.6,0.6,0.5,0.9,5.9
64,DeAndre' Bembry,BRK,19.8,.568,3.2,1.3,1.0,0.5,0.6,5.8
65,James Johnson,BRK,19.2,.469,3.5,2.1,0.5,0.5,0.8,5.5
66,Cam Thomas,BRK,17.6,.433,2.4,1.2,0.5,0.1,0.8,8.5
67,Blake Griffin,BRK,17.1,.425,4.1,1.9,0.5,0.3,0.6,6.4
68,David Duke Jr.,BRK,15.5,.361,3.0,0.8,0.6,0.3,0.4,4.7
69,Langston Galloway,BRK,14.5,.385,2.0,1.3,0.0,0.0,1.3,3.0
70,Day'Ron Sharpe,BRK,12.2,.577,5.0,0.5,0.3,0.5,0.9,6.2
71,Jevon Carter,BRK,12.0,.333,1.5,1.0,0.3,0.2,0.6,3.6
72,Shaquille Harrison,BRK,11.5,.333,2.0,1.5,0.5,0.5,1.0,2.0
73,Paul Millsap,BRK,11.3,.376,3.7,1.0,0.2,0.5,0.5,3.4
74,James Ennis III,BRK,7.0,.286,2.5,0.0,0.5,0.5,0.0,2.5
75,Wenyen Gabriel,BRK,1.0,,1.0,0.0,0.0,0.0,0.0,0.0
76,DeMar DeRozan,CHI,36.1,.504,5.2,4.9,0.9,0.3,2.4,27.9
77,Zach LaVine,CHI,34.7,.476,4.6,4.5,0.6,0.3,2.6,24.4
78,Lonzo Ball,CHI,34.6,.423,5.4,5.1,1.8,0.9,2.3,13.0
79,Nikola Vučević,CHI,33.1,.473,11.0,3.2,1.0,1.0,1.9,17.6
80,Alex Caruso,CHI,28.0,.398,3.6,4.0,1.7,0.4,1.4,7.4
81,Coby White,CHI,27.5,.433,3.0,2.9,0.5,0.2,1.1,12.7
82,Ayo Dosunmu,CHI,27.4,.520,2.8,3.3,0.8,0.4,1.4,8.8
83,Patrick Williams,CHI,24.8,.529,4.1,0.9,0.5,0.5,0.9,9.0
84,Javonte Green,CHI,23.4,.542,4.2,0.9,1.0,0.5,0.5,7.2
85,Derrick Jones Jr.,CHI,17.6,.538,3.3,0.6,0.5,0.6,0.6,5.6
86,Tristan Thompson,CHI,16.3,.565,4.7,0.6,0.5,0.3,0.5,5.7
87,Troy Brown Jr.,CHI,16.0,.419,3.1,1.0,0.5,0.1,0.4,4.3
88,Alfonzo McKinnie,CHI,12.1,.393,1.9,0.3,0.1,0.2,0.4,3.5
89,Matt Thomas,CHI,11.5,.410,1.3,0.5,0.2,0.1,0.2,4.0
90,Malcolm Hill,CHI,10.4,.432,1.8,0.4,0.2,0.1,0.2,3.4
91,Tyler Cook,CHI,10.0,.605,2.7,0.2,0.2,0.2,0.4,3.4
92,Tony Bradley,CHI,10.0,.585,3.4,0.5,0.2,0.6,0.6,3.0
93,Devon Dotson,CHI,7.7,.478,0.8,1.4,0.1,0.0,0.5,2.6
94,Alize Johnson,CHI,7.6,.522,2.3,0.5,0.2,0.0,0.5,1.8
95,Marko Simonovic,CHI,3.9,.267,1.1,0.0,0.1,0.1,0.2,1.9
96,Mac McClung,CHI,3.0,1.000,0.0,0.0,0.0,0.0,1.0,2.0
97,Jordan Bell,CHI,2.0,,1.0,0.0,1.0,0.0,0.0,0.0
98,Miles Bridges,CHO,35.5,.491,7.0,3.8,0.9,0.8,1.9,20.2
99,Terry Rozier,CHO,33.7,.444,4.3,4.5,1.3,0.3,1.3,19.3
100,LaMelo Ball,CHO,32.3,.429,6.7,7.6,1.6,0.4,3.3,20.1
101,Gordon Hayward,CHO,31.9,.459,4.6,3.6,1.0,0.4,1.7,15.9
102,P.J. Washington,CHO,27.2,.470,5.2,2.3,0.9,0.9,1.3,10.3
103,Cody Martin,CHO,26.3,.482,4.0,2.5,1.2,0.5,0.9,7.7
104,Kelly Oubre Jr.,CHO,26.3,.440,4.0,1.1,1.0,0.4,0.9,15.0
105,Mason Plumlee,CHO,24.6,.641,7.7,3.1,0.8,0.7,1.4,6.5
106,Montrezl Harrell,CHO,21.0,.645,4.9,2.0,0.4,0.5,0.9,11.4
107,Jalen McDaniels,CHO,16.3,.484,3.1,1.1,0.5,0.4,0.7,6.2
108,Ish Smith,CHO,13.8,.395,1.5,2.6,0.5,0.3,1.0,4.5
109,Isaiah Thomas,CHO,12.9,.433,1.2,1.4,0.4,0.2,0.6,8.3
110,James Bouknight,CHO,9.8,.348,1.7,0.8,0.2,0.0,0.5,4.6
111,JT Thor,CHO,7.9,.436,1.3,0.6,0.2,0.3,0.3,2.0
112,Nick Richards,CHO,7.3,.667,1.7,0.3,0.2,0.4,0.5,3.0
113,Vernon Carey Jr.,CHO,4.3,.500,1.3,0.0,0.3,0.0,0.3,2.0
114,Scottie Lewis,CHO,3.5,,0.0,0.5,0.5,0.0,0.0,0.5
115,Kai Jones,CHO,3.0,.643,0.5,0.2,0.0,0.1,0.3,1.0
116,Arnoldas Kulboka,CHO,2.5,.000,0.0,0.0,0.0,0.0,0.0,0.0
117,Darius Garland,CLE,35.7,.462,3.3,8.6,1.3,0.1,3.6,21.7
118,Evan Mobley,CLE,33.8,.508,8.3,2.5,0.8,1.7,1.9,15.0
119,Jarrett Allen,CLE,32.3,.677,10.8,1.6,0.8,1.3,1.7,16.1
120,Lauri Markkanen,CLE,30.8,.445,5.7,1.3,0.7,0.5,0.9,14.8
121,Caris LeVert,CLE,29.8,.435,3.4,3.9,0.8,0.3,1.7,13.6
122,Isaac Okoro,CLE,29.6,.480,3.0,1.8,0.8,0.3,0.9,8.8
123,Collin Sexton,CLE,28.7,.450,3.3,2.1,0.9,0.0,2.8,16.0
124,Ricky Rubio,CLE,28.5,.363,4.1,6.6,1.4,0.2,2.6,13.1
125,Kevin Love,CLE,22.5,.430,7.2,2.2,0.4,0.2,1.3,13.6
126,Cedi Osman,CLE,22.2,.432,2.2,2.0,0.8,0.2,1.0,10.7
127,Rajon Rondo,CLE,19.5,.429,2.8,4.9,0.9,0.0,1.6,6.2
128,Dean Wade,CLE,19.2,.456,2.9,1.0,0.6,0.1,0.3,5.3
129,Lamar Stevens,CLE,16.1,.489,2.6,0.7,0.5,0.3,0.7,6.1
130,Justin Anderson,CLE,15.7,.500,2.0,2.0,0.3,0.0,0.7,4.3
131,Brandon Goodwin,CLE,13.9,.416,1.9,2.5,0.7,0.0,1.0,4.8
132,Moses Brown,CLE,12.6,.638,5.3,0.0,0.3,0.5,0.4,6.4
133,Denzel Valentine,CLE,9.3,.371,1.7,0.5,0.3,0.0,0.5,2.9
134,Dylan Windler,CLE,9.2,.378,1.8,0.7,0.3,0.1,0.3,2.2
135,Malik Newman,CLE,8.0,.600,1.0,1.0,0.0,0.0,1.0,8.0
136,Luke Kornet,CLE,7.5,.200,1.5,0.5,0.0,0.5,0.0,2.0
137,Kevin Pangos,CLE,6.9,.326,0.5,1.3,0.1,0.0,0.3,1.6
138,Ed Davis,CLE,6.5,.688,2.1,0.2,0.1,0.3,0.2,0.9
139,Tre Scott,CLE,5.5,.500,1.0,0.0,0.5,0.5,0.0,3.0
140,Tacko Fall,CLE,5.4,.417,2.1,0.2,0.0,0.5,0.3,1.1
141,RJ Nembhard Jr.,CLE,4.5,.333,0.5,0.9,0.1,0.0,0.2,1.1
142,Tim Frazier,CLE,4.0,.500,0.0,0.5,0.0,0.0,1.0,1.0
143,Luka Dončić,DAL,35.4,.457,9.1,8.7,1.2,0.6,4.5,28.4
144,Dorian Finney-Smith,DAL,33.1,.471,4.7,1.9,1.1,0.5,1.0,11.0
145,Jalen Brunson,DAL,31.9,.502,3.9,4.8,0.8,0.0,1.6,16.3
146,Tim Hardaway Jr.,DAL,29.6,.394,3.7,2.2,0.9,0.1,0.8,14.2
147,Kristaps Porziņģis,DAL,29.5,.451,7.7,2.0,0.7,1.7,1.6,19.2
148,Spencer Dinwiddie,DAL,28.3,.498,3.1,3.9,0.7,0.3,1.3,15.8
149,Reggie Bullock,DAL,28.0,.401,3.5,1.2,0.6,0.2,0.6,8.6
150,Maxi Kleber,DAL,24.6,.398,5.9,1.2,0.5,1.0,0.8,7.0
151,Dwight Powell,DAL,21.9,.671,4.9,1.2,0.5,0.5,0.8,8.7
152,Josh Green,DAL,15.5,.508,2.4,1.2,0.7,0.2,0.7,4.8
153,Dāvis Bertāns,DAL,13.9,.375,2.5,0.7,0.3,0.3,0.2,5.3
154,Isaiah Thomas,DAL,13.0,.375,0.0,4.0,0.0,0.0,0.0,6.0
155,Brandon Knight,DAL,13.0,.400,1.6,1.6,0.2,0.0,0.8,6.4
156,Sterling Brown,DAL,12.8,.381,3.0,0.7,0.3,0.1,0.5,3.3
157,Frank Ntilikina,DAL,11.8,.399,1.4,1.2,0.5,0.1,0.5,4.1
158,Trey Burke,DAL,10.5,.391,0.8,1.4,0.3,0.0,0.6,5.1
159,Marquese Chriss,DAL,10.2,.463,3.0,0.5,0.4,0.4,0.5,4.5
160,Willie Cauley-Stein,DAL,9.8,.457,2.1,0.5,0.3,0.2,0.4,1.9
161,Theo Pinson,DAL,7.8,.359,1.1,0.9,0.3,0.1,0.3,2.5
162,Moses Brown,DAL,6.5,.540,2.3,0.0,0.1,0.3,0.5,3.1
163,Carlik Jones,DAL,6.3,.000,1.0,1.7,0.3,0.0,1.0,0.7
164,Boban Marjanović,DAL,5.6,.600,1.7,0.1,0.0,0.1,0.7,4.3
165,Charlie Brown Jr.,DAL,5.0,.200,0.3,0.3,0.7,0.3,0.0,0.7
166,George King,DAL,4.8,.000,1.3,0.0,0.0,0.0,0.3,0.3
167,Eugene Omoruyi,DAL,4.5,.400,1.8,0.5,0.0,0.0,0.0,1.8
168,Moses Wright,DAL,4.3,.250,1.0,0.3,0.0,0.3,0.0,1.7
169,JaQuori McLaughlin,DAL,2.8,.000,0.0,0.5,0.0,0.0,0.0,0.0
170,Nikola Jokić,DEN,33.5,.583,13.8,7.9,1.5,0.9,3.8,27.1
171,Will Barton,DEN,32.1,.438,4.8,3.9,0.8,0.4,1.8,14.7
172,Aaron Gordon,DEN,31.7,.520,5.9,2.5,0.6,0.6,1.8,15.0
173,Monte Morris,DEN,29.9,.484,3.0,4.4,0.7,0.2,1.0,12.6
174,Michael Porter Jr.,DEN,29.4,.359,6.6,1.9,1.1,0.2,1.3,9.9
175,Jeff Green,DEN,24.7,.524,3.1,1.3,0.4,0.4,0.9,10.3
176,Austin Rivers,DEN,22.1,.417,1.7,1.3,0.8,0.1,0.8,6.0
177,Bones Hyland,DEN,19.0,.403,2.7,2.8,0.6,0.3,1.2,10.1
178,PJ Dozier,DEN,18.9,.364,3.5,1.6,0.6,0.3,0.7,5.4
179,Facundo Campazzo,DEN,18.2,.361,1.8,3.4,1.0,0.4,1.0,5.1
180,Bryn Forbes,DEN,17.4,.424,0.9,1.0,0.2,0.1,0.7,8.6
181,Zeke Nnaji,DEN,17.0,.516,3.6,0.4,0.4,0.3,0.6,6.6
182,JaMychal Green,DEN,16.2,.486,4.2,0.9,0.6,0.4,0.9,6.4
183,DeMarcus Cousins,DEN,13.9,.456,5.5,1.7,0.6,0.4,2.2,8.9
184,Davon Reed,DEN,13.9,.503,2.3,1.1,0.5,0.2,0.3,4.4
185,Vlatko Čančar,DEN,11.7,.561,2.1,1.1,0.1,0.2,0.6,4.1
186,Rayjon Tucker,DEN,9.7,.500,1.3,1.3,0.3,0.0,0.0,2.0
187,Bol Bol,DEN,5.8,.556,1.4,0.4,0.1,0.1,0.3,2.4
188,Markus Howard,DEN,5.7,.386,0.4,0.2,0.3,0.0,0.2,4.1
189,James Ennis III,DEN,4.7,.333,0.7,1.0,0.0,0.0,0.3,1.3
190,Petr Cornelie,DEN,2.9,.333,1.1,0.2,0.1,0.1,0.3,1.1
191,Carlik Jones,DEN,2.0,.500,0.0,0.0,0.0,0.0,0.0,1.0
192,Derrick Walton,DET,36.0,.231,3.3,7.0,2.3,1.3,3.7,6.3
193,Saddiq Bey,DET,33.0,.396,5.4,2.8,0.9,0.2,1.2,16.1
194,Cade Cunningham,DET,32.6,.416,5.5,5.6,1.2,0.7,3.7,17.4
195,Jerami Grant,DET,31.9,.426,4.1,2.4,0.9,1.0,1.8,19.2
196,Marvin Bagley III,DET,27.2,.555,6.8,1.1,0.7,0.4,1.0,14.6
197,Isaiah Stewart,DET,25.6,.510,8.7,1.2,0.3,1.1,1.2,8.3
198,Killian Hayes,DET,25.0,.383,3.2,4.2,1.2,0.5,1.7,6.9
199,Cory Joseph,DET,24.6,.445,2.7,3.6,0.6,0.3,1.3,8.0
200,Frank Jackson,DET,22.0,.402,1.6,1.0,0.5,0.2,0.7,10.6
201,Hamidou Diallo,DET,21.9,.496,4.8,1.3,1.2,0.3,1.0,11.0
202,Braxton Key,DET,21.2,.457,5.3,1.1,1.0,1.2,1.0,8.6
203,Isaiah Livers,DET,20.2,.456,3.0,1.1,0.7,0.4,0.8,6.4
204,Carsen Edwards,DET,19.8,.300,1.5,3.5,0.5,0.0,1.3,5.8
205,Trey Lyles,DET,19.4,.456,4.8,1.1,0.4,0.5,1.1,10.4
206,Kelly Olynyk,DET,19.1,.448,4.4,2.8,0.8,0.5,1.5,9.1
207,Justin Robinson,DET,18.2,.321,1.4,1.8,0.2,0.2,1.0,5.6
208,Josh Jackson,DET,18.1,.410,3.2,1.3,0.5,0.5,1.0,7.1
209,Cassius Stanley,DET,17.2,.413,2.1,0.4,0.6,0.2,0.7,5.8
210,Trayvon Palmer,DET,17.0,.000,2.0,0.0,0.0,0.0,1.0,0.0
211,Saben Lee,DET,16.3,.390,2.4,2.9,1.0,0.3,1.0,5.6
212,Rodney McGruder,DET,14.8,.436,2.2,0.9,0.4,0.1,0.5,5.4
213,Jamorko Pickett,DET,13.5,.360,2.5,0.5,0.0,0.5,0.4,3.8
214,Luka Garza,DET,12.2,.449,3.1,0.6,0.3,0.2,0.6,5.8
215,Micah Potter,DET,10.3,.455,3.0,0.0,0.3,0.3,0.3,4.0
216,Cheick Diallo,DET,10.3,.375,4.0,0.0,0.3,0.0,0.3,3.7
217,Deividas Sirvydis,DET,9.0,.100,2.0,0.3,1.0,0.3,0.0,1.0
218,Jaysean Paige,DET,7.0,.000,1.0,1.0,0.0,0.0,1.0,0.0
219,Stephen Curry,GSW,34.5,.437,5.2,6.3,1.3,0.4,3.2,25.5
220,Andrew Wiggins,GSW,31.9,.466,4.5,2.2,1.0,0.7,1.5,17.2
221,Jordan Poole,GSW,30.0,.448,3.4,4.0,0.8,0.3,2.5,18.5
222,Klay Thompson,GSW,29.4,.429,3.9,2.8,0.5,0.5,1.3,20.4
223,Draymond Green,GSW,28.9,.525,7.3,7.0,1.3,1.1,3.0,7.5
224,Otto Porter Jr.,GSW,22.2,.464,5.7,1.5,1.1,0.5,0.6,8.2
225,Kevon Looney,GSW,21.1,.571,7.3,2.0,0.6,0.6,0.8,6.0
226,Damion Lee,GSW,19.9,.441,3.2,1.0,0.6,0.1,0.6,7.4
227,Andre Iguodala,GSW,19.5,.380,3.2,3.7,0.9,0.7,0.9,4.0
228,Gary Payton II,GSW,17.6,.616,3.5,0.9,1.4,0.3,0.6,7.1
229,Jonathan Kuminga,GSW,16.9,.513,3.3,0.9,0.4,0.3,1.1,9.3
230,Nemanja Bjelica,GSW,16.1,.468,4.1,2.2,0.6,0.4,1.2,6.1
231,Juan Toscano-Anderson,GSW,13.6,.489,2.4,1.7,0.7,0.2,0.9,4.1
232,Moses Moody,GSW,11.7,.437,1.5,0.4,0.1,0.2,0.3,4.4
233,Chris Chiozza,GSW,10.9,.296,1.1,1.9,0.4,0.0,0.9,2.0
234,Jeff Dowtin,GSW,7.0,.500,1.8,0.8,0.0,0.3,0.3,1.5
235,Quinndary Weatherspoon,GSW,6.6,.571,1.3,0.5,0.1,0.1,0.3,2.7
236,Jalen Green,HOU,31.9,.426,3.4,2.6,0.7,0.3,2.0,17.3
237,Kevin Porter Jr.,HOU,31.3,.415,4.4,6.2,1.1,0.4,3.1,15.6
238,Christian Wood,HOU,30.8,.501,10.1,2.3,0.8,1.0,1.9,17.9
239,Eric Gordon,HOU,29.3,.475,2.0,2.7,0.5,0.3,1.9,13.4
240,Dennis Schröder,HOU,26.9,.393,3.3,5.9,0.8,0.2,2.6,10.9
241,Jae'Sean Tate,HOU,26.4,.498,5.4,2.8,0.9,0.5,1.8,11.8
242,Garrison Mathews,HOU,26.3,.399,2.9,1.0,0.9,0.4,0.6,10.0
243,Daniel Theis,HOU,22.5,.469,5.0,0.8,0.4,0.7,1.2,8.4
244,Kenyon Martin Jr.,HOU,21.0,.533,3.8,1.3,0.4,0.5,0.8,8.8
245,Alperen Şengün,HOU,20.7,.474,5.5,2.6,0.8,0.9,2.0,9.6
246,Josh Christopher,HOU,18.0,.448,2.5,2.0,0.9,0.2,1.5,7.9
247,Armoni Brooks,HOU,16.8,.347,2.0,1.2,0.5,0.2,0.6,6.2
248,D.J. Augustin,HOU,15.0,.404,1.2,2.2,0.3,0.0,1.3,5.4
249,Danuel House Jr.,HOU,14.6,.338,2.7,1.2,0.3,0.3,1.1,4.8
250,David Nwaba,HOU,13.2,.483,3.3,0.8,0.6,0.4,0.5,5.1
251,Daishen Nix,HOU,10.9,.403,1.4,1.7,0.6,0.0,1.1,3.2
252,Usman Garuba,HOU,10.0,.432,3.5,0.7,0.4,0.5,0.3,2.0
253,Bruno Fernando,HOU,9.4,.707,4.0,0.3,0.1,0.8,0.9,6.9
254,Trevelin Queen,HOU,7.4,.455,1.6,0.4,0.5,0.1,0.7,4.3
255,Tyrese Haliburton,IND,36.1,.502,4.3,9.6,1.8,0.6,3.2,17.5
256,Buddy Hield,IND,35.6,.447,5.1,4.8,1.0,0.4,2.4,18.2
257,Domantas Sabonis,IND,34.7,.580,12.1,5.0,1.0,0.5,3.0,18.9
258,Malcolm Brogdon,IND,33.5,.448,5.1,5.9,0.8,0.4,2.1,19.1
259,Caris LeVert,IND,31.1,.447,3.8,4.4,0.9,0.5,1.9,18.7
260,Myles Turner,IND,29.4,.509,7.1,1.0,0.7,2.8,1.3,12.9
261,Justin Holiday,IND,28.9,.415,2.8,1.8,0.7,0.4,1.0,11.0
262,Chris Duarte,IND,28.0,.432,4.1,2.1,1.0,0.2,1.6,13.1
263,Jalen Smith,IND,24.7,.531,7.6,0.8,0.4,1.0,0.9,13.4
264,T.J. McConnell,IND,24.1,.481,3.3,4.9,1.1,0.4,1.1,8.5
265,Oshae Brissett,IND,23.3,.411,5.3,1.1,0.7,0.4,0.8,9.1
266,Terry Taylor,IND,21.6,.614,5.2,1.2,0.4,0.2,0.7,9.6
267,Justin Anderson,IND,20.7,.368,3.1,2.1,0.5,0.5,0.5,6.8
268,Torrey Craig,IND,20.3,.456,3.8,1.1,0.5,0.4,0.8,6.5
269,Duane Washington Jr.,IND,20.2,.405,1.7,1.8,0.5,0.1,1.2,9.9
270,Lance Stephenson,IND,18.6,.458,2.8,3.9,0.6,0.1,1.7,9.3
271,Keifer Sykes,IND,17.7,.363,1.4,1.9,0.4,0.1,1.0,5.6
272,Tristan Thompson,IND,16.5,.542,4.5,0.5,0.0,0.5,1.0,7.3
273,Kelan Martin,IND,16.4,.417,2.0,0.8,0.5,0.3,0.5,6.3
274,Jeremy Lamb,IND,15.7,.373,2.4,1.3,0.6,0.4,0.6,7.1
275,Isaiah Jackson,IND,15.0,.563,4.1,0.3,0.7,1.4,1.1,8.3
276,Goga Bitadze,IND,14.6,.520,3.5,1.1,0.4,0.8,0.9,7.0
277,Brad Wanamaker,IND,13.3,.361,1.6,2.2,0.2,0.3,1.0,3.5
278,Gabe York,IND,10.5,.286,1.0,2.0,1.0,0.5,0.5,4.0
279,Reggie Perry,IND,10.0,1.000,1.0,0.0,0.0,0.0,0.0,2.0
280,DeJon Jarreau,IND,1.0,,0.0,0.0,0.0,0.0,0.0,0.0
281,Nate Hinton,IND,1.0,.000,0.0,0.0,0.0,0.0,0.5,0.0
282,Ahmad Caver,IND,1.0,1.000,0.0,0.0,0.0,0.0,0.0,2.0
283,Paul George,LAC,34.7,.421,6.9,5.7,2.2,0.4,4.1,24.3
284,Reggie Jackson,LAC,31.2,.392,3.6,4.8,0.7,0.2,2.3,16.8
285,Marcus Morris,LAC,29.0,.434,4.4,2.1,0.5,0.3,1.3,15.4
286,Terance Mann,LAC,28.6,.484,5.2,2.6,0.7,0.3,1.0,10.8
287,Luke Kennard,LAC,27.4,.449,3.3,2.1,0.6,0.1,0.9,11.9
288,Eric Bledsoe,LAC,25.2,.421,3.4,4.2,1.3,0.4,2.1,9.9
289,Norman Powell,LAC,25.0,.508,2.8,2.8,0.4,0.8,1.4,21.4
290,Nicolas Batum,LAC,24.8,.463,4.3,1.7,1.0,0.7,0.7,8.3
291,Ivica Zubac,LAC,24.4,.626,8.5,1.6,0.5,1.0,1.5,10.3
292,Amir Coffey,LAC,22.7,.453,2.9,1.8,0.6,0.2,0.7,9.0
293,Robert Covington,LAC,22.1,.500,5.1,1.0,1.3,1.2,0.7,10.4
294,Isaiah Hartenstein,LAC,17.9,.626,4.9,2.4,0.7,1.1,1.2,8.3
295,Serge Ibaka,LAC,15.4,.490,4.3,1.0,0.2,0.7,0.9,6.6
296,Brandon Boston Jr.,LAC,14.9,.385,2.2,1.0,0.5,0.3,0.6,6.7
297,James Ennis III,LAC,14.0,.636,2.5,0.0,0.5,0.5,0.5,10.0
298,Xavier Moon,LAC,13.7,.490,1.4,2.4,0.7,0.3,0.6,5.8
299,Justise Winslow,LAC,13.0,.447,3.6,1.4,0.6,0.5,1.0,4.2
300,Semi Ojeleye,LAC,9.8,.414,1.6,0.4,0.2,0.1,0.4,4.1
301,Rodney Hood,LAC,9.8,.462,0.8,0.6,0.2,0.2,0.3,2.6
302,Keon Johnson,LAC,9.0,.333,1.4,0.9,0.5,0.1,0.5,3.5
303,Wenyen Gabriel,LAC,7.7,.385,2.3,0.3,0.2,0.3,0.5,2.3
304,Jay Scrubb,LAC,6.7,.391,0.9,0.4,0.2,0.2,0.4,2.7
305,Moses Wright,LAC,1.0,,0.0,1.0,0.0,0.0,0.0,0.0
306,LeBron James,LAL,37.2,.524,8.2,6.2,1.3,1.1,3.5,30.3
307,Anthony Davis,LAL,35.1,.532,9.9,3.1,1.2,2.3,2.1,23.2
308,Russell Westbrook,LAL,34.3,.444,7.4,7.1,1.0,0.3,3.8,18.5
309,Malik Monk,LAL,28.1,.473,3.4,2.9,0.8,0.4,1.6,13.8
310,Carmelo Anthony,LAL,26.0,.441,4.2,1.0,0.7,0.8,0.9,13.3
311,Isaiah Thomas,LAL,25.3,.308,2.0,1.5,0.0,0.5,1.3,9.3
312,Talen Horton-Tucker,LAL,25.2,.416,3.2,2.7,1.0,0.5,1.4,10.0
313,Austin Reaves,LAL,23.2,.459,3.2,1.8,0.5,0.3,0.7,7.3
314,Stanley Johnson,LAL,22.8,.466,3.2,1.7,0.9,0.3,0.7,6.7
315,Avery Bradley,LAL,22.7,.423,2.2,0.8,0.9,0.1,0.6,6.4
316,Mac McClung,LAL,22.0,.400,3.0,1.0,1.0,1.0,2.0,6.0
317,Trevor Ariza,LAL,19.3,.333,3.4,1.1,0.5,0.3,0.5,4.0
318,Wayne Ellington,LAL,18.8,.414,1.8,0.7,0.5,0.1,0.4,6.7
319,D.J. Augustin,LAL,17.8,.453,1.3,1.6,0.3,0.0,0.5,5.3
320,Wenyen Gabriel,LAL,16.4,.505,4.3,0.6,0.2,0.5,0.7,6.7
321,Dwight Howard,LAL,16.2,.612,5.9,0.6,0.6,0.6,0.8,6.2
322,Rajon Rondo,LAL,16.1,.324,2.7,3.7,0.7,0.3,1.9,3.1
323,Kent Bazemore,LAL,14.0,.324,1.8,0.9,0.6,0.2,0.5,3.4
324,Mason Jones,LAL,12.8,.467,2.5,1.0,0.5,0.0,0.3,6.8
325,DeAndre Jordan,LAL,12.8,.674,5.4,0.4,0.3,0.8,0.7,4.1
326,Darren Collison,LAL,12.3,.286,1.3,0.7,0.3,0.0,0.3,1.3
327,Chaundee Brown Jr.,LAL,10.5,.143,1.0,0.0,0.0,0.0,0.5,1.0
328,Sekou Doumbouya,LAL,8.0,.625,3.0,0.0,1.5,1.0,1.0,7.0
329,Jemerrio Jones,LAL,7.5,.667,1.5,0.0,0.5,0.0,0.0,2.0
330,Jay Huff,LAL,5.0,.000,1.0,0.3,0.3,0.3,0.3,0.0
331,Ja Morant,MEM,33.1,.493,5.7,6.7,1.2,0.4,3.4,27.4
332,Desmond Bane,MEM,29.8,.461,4.4,2.7,1.2,0.4,1.5,18.2
333,Dillon Brooks,MEM,27.7,.432,3.2,2.8,1.1,0.3,1.6,18.4
334,Jaren Jackson Jr.,MEM,27.3,.415,5.8,1.1,0.9,2.3,1.7,16.3
335,Steven Adams,MEM,26.3,.547,10.0,3.4,0.9,0.8,1.5,6.9
336,De'Anthony Melton,MEM,22.7,.404,4.5,2.7,1.4,0.5,1.5,10.8
337,Ziaire Williams,MEM,21.7,.450,2.1,1.0,0.6,0.2,0.7,8.1
338,Kyle Anderson,MEM,21.5,.446,5.3,2.7,1.1,0.7,1.0,7.6
339,Tyus Jones,MEM,21.2,.451,2.4,4.4,0.9,0.0,0.6,8.7
340,Brandon Clarke,MEM,19.5,.644,5.3,1.3,0.6,1.1,0.5,10.4
341,John Konchar,MEM,17.9,.515,4.6,1.5,0.6,0.3,0.4,4.8
342,Xavier Tillman Sr.,MEM,13.2,.454,3.0,1.2,0.9,0.3,0.6,4.8
343,Killian Tillie,MEM,12.8,.339,1.7,0.6,0.6,0.4,0.4,3.3
344,Santi Aldama,MEM,11.3,.402,2.7,0.7,0.2,0.3,0.5,4.1
345,Sam Merrill,MEM,9.7,.333,1.2,0.7,0.0,0.0,0.3,4.2
346,Jarrett Culver,MEM,9.1,.378,1.3,0.9,0.5,0.1,0.5,3.5
347,Yves Pons,MEM,5.9,.313,1.0,0.1,0.1,0.3,0.1,1.1
348,Shaq Buchanan,MEM,5.0,.250,1.0,1.0,0.5,0.0,1.0,1.0
349,Xavier Sneed,MEM,4.0,.000,1.0,0.0,0.0,0.0,0.0,0.0
350,DaQuan Jeffries,MEM,3.0,.500,0.7,0.3,0.0,0.0,0.0,0.7
351,Dakota Mathias,MEM,2.7,.333,0.3,0.2,0.2,0.0,0.0,1.0
352,Jon Teske,MEM,2.7,.000,0.7,0.3,0.3,0.0,0.0,0.0
353,Tyrell Terry,MEM,1.5,1.000,0.0,0.0,0.0,0.0,0.0,1.0
354,Jimmy Butler,MIA,33.9,.480,5.9,5.5,1.6,0.5,2.1,21.4
355,Kyle Lowry,MIA,33.9,.440,4.5,7.5,1.1,0.3,2.7,13.4
356,Tyler Herro,MIA,32.6,.447,5.0,4.0,0.7,0.1,2.6,20.7
357,Bam Adebayo,MIA,32.6,.557,10.1,3.4,1.4,0.8,2.6,19.1
358,P.J. Tucker,MIA,27.9,.484,5.5,2.1,0.8,0.2,0.9,7.6
359,Duncan Robinson,MIA,25.9,.399,2.6,1.6,0.5,0.2,0.8,10.9
360,Gabe Vincent,MIA,23.4,.417,1.9,3.1,0.9,0.2,1.4,8.7
361,Max Strus,MIA,23.3,.441,3.0,1.4,0.4,0.2,0.8,10.6
362,Caleb Martin,MIA,22.9,.507,3.8,1.1,1.0,0.5,0.9,9.2
363,Mychal Mulder,MIA,22.0,.400,1.5,1.0,0.0,0.5,0.0,7.0
364,Victor Oladipo,MIA,21.6,.479,2.9,3.5,0.6,0.1,2.0,12.4
365,Markieff Morris,MIA,17.5,.474,2.6,1.4,0.4,0.1,1.2,7.6
366,Dewayne Dedmon,MIA,15.9,.566,5.8,0.7,0.4,0.6,1.0,6.3
367,Omer Yurtseven,MIA,12.6,.526,5.3,0.9,0.3,0.4,0.7,5.3
368,Nik Stauskas,MIA,12.0,.375,1.5,0.5,0.0,0.0,0.0,5.5
369,KZ Okpala,MIA,11.6,.435,2.0,0.7,0.2,0.3,0.2,3.7
370,Marcus Garrett,MIA,10.7,.238,1.9,0.6,0.4,0.3,0.2,1.1
371,Javonte Smart,MIA,10.0,.471,1.3,0.5,0.5,0.3,0.5,5.0
372,Chris Silva,MIA,9.8,.533,3.9,0.8,0.0,0.1,0.9,2.9
373,Kyle Guy,MIA,9.8,.400,0.9,0.9,0.4,0.1,0.7,3.9
374,Haywood Highsmith,MIA,8.6,.348,1.4,0.3,0.1,0.2,0.2,2.3
375,Udonis Haslem,MIA,6.4,.452,1.9,0.3,0.1,0.1,0.4,2.5
376,Jrue Holiday,MIL,33.0,.501,4.5,6.8,1.6,0.4,2.7,18.3
377,Giannis Antetokounmpo,MIL,32.9,.553,11.6,5.8,1.1,1.4,3.3,29.9
378,Khris Middleton,MIL,32.4,.443,5.4,5.4,1.2,0.3,2.9,20.1
379,Bobby Portis,MIL,28.2,.479,9.1,1.2,0.7,0.7,1.3,14.6
380,Grayson Allen,MIL,27.3,.448,3.4,1.5,0.7,0.3,0.7,11.1
381,Pat Connaughton,MIL,26.0,.458,4.2,1.3,0.9,0.2,0.5,9.9
382,George Hill,MIL,23.2,.429,2.9,2.2,0.8,0.1,0.8,6.2
383,Brook Lopez,MIL,22.9,.466,4.1,0.5,0.6,1.2,0.9,12.4
384,Rayjon Tucker,MIL,21.0,.714,2.0,3.0,1.5,0.0,0.5,7.5
385,Wesley Matthews,MIL,20.4,.395,1.9,0.7,0.5,0.2,0.4,5.1
386,Donte DiVincenzo,MIL,20.1,.331,3.5,1.7,0.6,0.2,1.6,7.2
387,Jordan Nwora,MIL,19.1,.403,3.6,1.0,0.4,0.3,0.9,7.9
388,Serge Ibaka,MIL,17.8,.519,5.3,0.7,0.2,0.4,0.5,7.0
389,Jevon Carter,MIL,17.7,.506,2.2,2.5,0.5,0.2,0.4,5.6
390,DeMarcus Cousins,MIL,16.9,.466,5.8,1.1,0.9,0.5,0.9,9.1
391,Langston Galloway,MIL,16.3,.077,3.3,2.3,0.3,0.0,0.3,0.7
392,Semi Ojeleye,MIL,15.4,.257,2.9,0.3,0.3,0.3,0.3,2.9
393,Rodney Hood,MIL,14.9,.351,1.7,0.8,0.3,0.1,0.2,3.3
394,Greg Monroe,MIL,14.0,.500,4.2,0.4,0.6,0.4,0.6,5.4
395,Javonte Smart,MIL,12.3,.256,1.5,1.1,0.3,0.2,0.7,2.4
396,Justin Robinson,MIL,11.6,.316,0.8,1.2,0.5,0.0,0.6,2.8
397,Lindell Wigginton,MIL,10.5,.426,1.3,1.2,0.3,0.1,0.6,4.2
398,Sandro Mamukelashvili,MIL,9.9,.496,2.0,0.5,0.2,0.2,0.4,3.8
399,Thanasis Antetokounmpo,MIL,9.9,.547,2.1,0.5,0.3,0.3,0.5,3.6
400,DeAndre' Bembry,MIL,9.6,.375,1.4,0.8,0.3,0.0,0.1,0.8
401,Georgios Kalaitzakis,MIL,5.3,.455,0.9,0.0,0.1,0.1,0.4,1.8
402,Luke Kornet,MIL,3.0,.000,1.0,0.0,0.0,0.0,0.0,0.0
403,Jeff Dowtin,MIL,3.0,.000,0.0,0.0,0.0,0.0,0.0,0.0
404,Javin DeLaurier,MIL,3.0,,1.0,0.0,1.0,0.0,0.0,0.0
405,Anthony Edwards,MIN,34.3,.441,4.8,3.8,1.5,0.6,2.6,21.3
406,Karl-Anthony Towns,MIN,33.5,.529,9.8,3.6,1.0,1.1,3.1,24.6
407,D'Angelo Russell,MIN,32.0,.411,3.3,7.1,1.0,0.3,2.5,18.1
408,Jaden McDaniels,MIN,25.8,.460,4.2,1.1,0.7,0.8,1.1,9.2
409,Patrick Beverley,MIN,25.4,.406,4.1,4.6,1.2,0.9,1.3,9.2
410,Jarred Vanderbilt,MIN,25.4,.587,8.4,1.3,1.3,0.6,1.0,6.9
411,Malik Beasley,MIN,25.0,.391,2.9,1.5,0.5,0.2,0.5,12.1
412,Greg Monroe,MIN,20.3,.591,6.0,4.0,1.0,1.5,1.8,7.3
413,Taurean Prince,MIN,17.1,.454,2.5,1.0,0.7,0.3,0.8,7.3
414,Naz Reid,MIN,15.8,.489,3.9,0.9,0.5,0.9,1.1,8.3
415,Jaylen Nowell,MIN,15.7,.475,2.0,2.1,0.4,0.2,0.6,8.5
416,Jordan McLaughlin,MIN,14.5,.440,1.5,2.9,0.9,0.2,0.6,3.8
417,Josh Okogie,MIN,10.5,.404,1.4,0.5,0.5,0.2,0.5,2.7
418,Nathan Knight,MIN,7.2,.511,2.3,0.6,0.2,0.2,0.5,3.7
419,Leandro Bolmaro,MIN,6.9,.315,1.2,0.6,0.2,0.0,0.4,1.4
420,Jake Layman,MIN,6.8,.411,1.1,0.3,0.2,0.1,0.3,2.4
421,McKinley Wright IV,MIN,3.8,.667,0.0,0.6,0.0,0.0,0.2,1.0
422,Chris Silva,MIN,3.0,,1.0,0.0,0.0,0.0,0.0,0.0
423,Brandon Ingram,NOP,34.0,.461,5.8,5.6,0.6,0.5,2.7,22.7
424,CJ McCollum,NOP,33.8,.493,4.5,5.8,1.3,0.0,2.2,24.3
425,Josh Hart,NOP,33.5,.505,7.8,4.1,1.1,0.3,2.0,13.4
426,Jonas Valančiūnas,NOP,30.3,.544,11.4,2.6,0.6,0.8,2.4,17.8
427,Herbert Jones,NOP,29.9,.476,3.8,2.1,1.7,0.8,1.3,9.5
428,Devonte' Graham,NOP,28.4,.363,2.3,4.2,0.9,0.2,1.4,11.9
429,Nickeil Alexander-Walker,NOP,26.3,.375,3.3,2.8,0.8,0.4,1.7,12.8
430,Larry Nance Jr.,NOP,20.2,.551,4.3,0.9,0.6,0.8,1.1,7.3
431,Jaxson Hayes,NOP,20.0,.616,4.5,0.6,0.5,0.8,0.8,9.3
432,Garrett Temple,NOP,18.6,.376,2.4,1.3,0.7,0.4,0.7,5.2
433,Tony Snell,NOP,18.5,.446,2.1,0.5,0.5,0.1,0.5,5.9
434,Willy Hernangómez,NOP,16.8,.520,6.8,1.3,0.4,0.4,1.0,9.1
435,Jose Alvarado,NOP,15.4,.446,1.9,2.8,1.3,0.1,0.7,6.1
436,Tomáš Satoranský,NOP,15.0,.299,2.0,2.4,0.4,0.0,0.7,2.8
437,Kira Lewis Jr.,NOP,14.2,.404,1.6,2.0,0.5,0.0,1.1,5.9
438,Trey Murphy III,NOP,13.9,.394,2.4,0.6,0.4,0.1,0.3,5.4
439,Naji Marshall,NOP,13.4,.405,2.6,1.1,0.6,0.1,0.8,5.7
440,Tyrone Wallace,NOP,12.5,.350,1.3,0.2,0.5,0.2,0.3,2.8
441,Gary Clark,NOP,9.9,.375,2.4,0.5,0.3,0.2,0.3,2.7
442,Jared Harper,NOP,8.6,.538,0.4,2.8,0.8,0.2,0.4,7.4
443,Alize Johnson,NOP,7.0,.300,3.3,0.3,0.5,0.0,0.3,2.3
444,Didi Louzada,NOP,3.5,.000,1.0,0.5,0.0,0.0,0.0,0.0
445,Julius Randle,NYK,35.3,.411,9.9,5.1,0.7,0.5,3.4,20.1
446,RJ Barrett,NYK,34.5,.408,5.8,3.0,0.6,0.2,2.2,20.0
447,Evan Fournier,NYK,29.5,.417,2.6,2.1,1.0,0.3,1.3,14.1
448,Alec Burks,NYK,28.6,.391,4.9,3.0,1.0,0.3,1.1,11.7
449,Mitchell Robinson,NYK,25.7,.761,8.6,0.5,0.8,1.8,0.8,8.5
450,Kemba Walker,NYK,25.6,.403,3.0,3.5,0.7,0.2,1.3,11.6
451,Derrick Rose,NYK,24.5,.445,3.0,4.0,0.8,0.5,1.5,12.0
452,Immanuel Quickley,NYK,23.1,.392,3.2,3.5,0.7,0.0,1.3,11.3
453,Nerlens Noel,NYK,22.5,.533,5.6,0.9,1.2,1.2,0.8,3.4
454,Taj Gibson,NYK,18.2,.518,4.4,0.6,0.4,0.8,0.5,4.4
455,Quentin Grimes,NYK,17.1,.404,2.0,1.0,0.7,0.2,0.6,6.0
456,Obi Toppin,NYK,17.1,.531,3.7,1.1,0.3,0.5,0.8,9.0
457,Cam Reddish,NYK,14.3,.415,1.4,0.7,0.8,0.3,0.9,6.1
458,Jericho Sims,NYK,13.5,.722,4.1,0.5,0.3,0.5,0.5,2.2
459,Damyean Dotson,NYK,10.5,.500,1.0,0.5,0.0,0.0,0.0,2.0
460,Miles McBride,NYK,9.3,.296,1.1,1.0,0.4,0.0,0.1,2.2
461,Kevin Knox,NYK,8.5,.375,1.7,0.2,0.2,0.1,0.4,3.6
462,Ryan Arcidiacono,NYK,7.6,.500,0.8,0.4,0.1,0.0,0.3,1.6
463,Wayne Selden,NYK,6.3,.250,0.3,0.3,0.0,0.0,0.0,1.7
464,Feron Hunt,NYK,4.0,.000,0.5,0.5,0.5,0.0,0.5,0.0
465,Danuel House Jr.,NYK,3.0,.000,0.0,0.0,0.0,0.0,0.0,0.0
466,Matt Mooney,NYK,2.0,.000,0.0,0.0,1.0,0.0,1.0,0.0
467,Tyler Hall,NYK,2.0,,0.0,0.0,0.0,0.0,0.0,0.0
468,Zavier Simpson,OKC,43.5,.365,5.3,7.5,1.3,1.0,2.5,11.0
469,Georgios Kalaitzakis,OKC,41.5,.464,3.3,3.0,2.5,0.3,4.0,17.5
470,Melvin Frazier,OKC,40.0,.271,4.3,0.3,0.3,0.0,1.0,10.7
471,Shai Gilgeous-Alexander,OKC,34.7,.453,5.0,5.9,1.3,0.8,2.8,24.5
472,Jaylen Hoard,OKC,34.3,.489,12.0,2.4,0.9,0.7,1.1,14.7
473,Luguentz Dort,OKC,32.6,.404,4.2,1.7,0.9,0.4,1.7,17.2
474,Josh Giddey,OKC,31.5,.419,7.8,6.4,0.9,0.4,3.2,12.5
475,Darius Bazley,OKC,27.9,.422,6.3,1.4,0.8,1.0,1.3,10.8
476,Aaron Wiggins,OKC,24.2,.463,3.6,1.4,0.6,0.2,1.1,8.3
477,Vit Krejci,OKC,23.0,.407,3.4,1.9,0.6,0.3,1.0,6.2
478,Tre Mann,OKC,22.8,.393,2.9,1.5,0.8,0.2,1.2,10.4
479,Jeremiah Robinson-Earl,OKC,22.2,.414,5.6,1.0,0.6,0.3,0.8,7.5
480,Kenrich Williams,OKC,21.9,.461,4.5,2.2,0.9,0.2,0.9,7.4
481,Isaiah Roby,OKC,21.1,.514,4.8,1.6,0.8,0.8,1.0,10.1
482,Aleksej Pokusevski,OKC,20.2,.408,5.2,2.1,0.6,0.6,1.5,7.6
483,Olivier Sarr,OKC,19.1,.574,4.2,0.9,0.3,0.7,1.0,7.0
484,Lindy Waters III,OKC,18.6,.406,2.9,1.0,0.8,0.3,0.4,8.0
485,Scotty Hopson,OKC,18.0,.500,1.0,1.0,0.0,0.0,2.0,4.0
486,Théo Maledon,OKC,17.8,.375,2.6,2.2,0.6,0.2,1.3,7.1
487,Paul Watson,OKC,17.3,.343,3.0,0.9,0.3,0.3,0.4,3.4
488,Ty Jerome,OKC,16.7,.378,1.6,2.3,0.6,0.1,0.8,7.1
489,Derrick Favors,OKC,16.7,.516,4.7,0.6,0.4,0.3,0.2,5.3
490,Mamadi Diakite,OKC,14.5,.532,4.5,0.2,0.4,0.7,0.5,4.3
491,Mike Muscala,OKC,13.8,.456,3.0,0.5,0.4,0.6,0.3,8.0
492,Gabriel Deck,OKC,8.0,.571,0.9,0.7,0.1,0.0,0.3,2.6
493,Rob Edwards,OKC,5.5,.250,1.5,0.0,0.0,0.0,0.5,1.5
494,Cole Anthony,ORL,31.7,.391,5.4,5.7,0.7,0.3,2.6,16.3
495,Franz Wagner,ORL,30.7,.468,4.5,2.9,0.9,0.4,1.5,15.2
496,Wendell Carter Jr.,ORL,29.9,.525,10.5,2.8,0.6,0.7,1.9,15.0
497,Devin Cannady,ORL,29.0,.341,1.2,2.0,1.0,0.6,1.0,10.0
498,Gary Harris,ORL,28.4,.434,2.0,1.8,1.0,0.1,1.0,11.1
499,Jalen Suggs,ORL,27.2,.361,3.6,4.4,1.2,0.4,3.0,11.8
500,Mo Bamba,ORL,25.7,.480,8.1,1.2,0.5,1.7,1.1,10.6
501,Chuma Okeke,ORL,25.0,.376,5.0,1.7,1.4,0.6,0.8,8.6
502,Terrence Ross,ORL,23.0,.397,2.6,1.8,0.4,0.2,1.2,10.0
503,R.J. Hampton,ORL,21.9,.383,3.0,2.5,0.7,0.2,1.4,7.6
504,Hassani Gravett,ORL,21.4,.474,2.6,2.5,0.6,0.1,1.1,6.3
505,Markelle Fultz,ORL,20.0,.474,2.7,5.5,1.1,0.3,2.2,10.8
506,Tim Frazier,ORL,20.0,.302,1.9,3.3,0.3,0.1,1.3,3.7
507,Jeff Dowtin,ORL,19.3,.263,2.8,1.8,1.3,0.0,1.0,3.3
508,Robin Lopez,ORL,17.0,.553,3.5,1.5,0.1,0.5,1.2,7.1
509,B.J. Johnson,ORL,16.3,.440,3.8,0.0,0.0,0.3,0.0,6.5
510,Moritz Wagner,ORL,15.2,.497,3.7,1.4,0.3,0.2,0.9,9.0
511,Aleem Ford,ORL,14.8,.300,3.0,0.4,0.2,0.0,0.8,2.8
512,Freddie Gillespie,ORL,13.2,.409,4.0,0.6,0.3,1.0,0.6,2.3
513,Mychal Mulder,ORL,13.0,.299,1.4,0.2,0.3,0.1,0.5,3.7
514,Ignas Brazdeikis,ORL,12.8,.431,1.7,0.9,0.2,0.1,0.4,5.0
515,Admiral Schofield,ORL,12.3,.419,2.3,0.7,0.1,0.1,0.6,3.8
516,James Harden,PHI,37.7,.402,7.1,10.5,1.2,0.2,3.4,21.0
517,Tyrese Maxey,PHI,35.3,.485,3.2,4.3,0.7,0.4,1.2,17.5
518,Seth Curry,PHI,34.8,.485,3.4,4.0,0.8,0.2,1.9,15.0
519,Tobias Harris,PHI,34.8,.482,6.8,3.5,0.6,0.6,1.6,17.2
520,Joel Embiid,PHI,33.8,.499,11.7,4.2,1.1,1.5,3.1,30.6
521,Matisse Thybulle,PHI,25.5,.500,2.3,1.1,1.7,1.1,0.6,5.7
522,Georges Niang,PHI,22.8,.437,2.7,1.3,0.4,0.2,0.8,9.2
523,Danny Green,PHI,21.8,.394,2.5,1.0,1.0,0.6,0.7,5.9
524,Shake Milton,PHI,21.4,.429,2.6,2.5,0.5,0.3,0.8,8.2
525,Furkan Korkmaz,PHI,21.1,.387,2.6,1.9,0.5,0.1,0.7,7.6
526,Andre Drummond,PHI,18.4,.538,8.8,2.0,1.1,0.9,1.6,6.1
527,DeAndre Jordan,PHI,13.4,.593,5.8,0.5,0.1,0.6,1.0,4.6
528,Tyler Johnson,PHI,12.7,.400,2.0,0.7,0.3,0.3,0.3,3.7
529,Paul Millsap,PHI,11.8,.433,2.8,0.6,0.6,0.2,0.9,3.7
530,Isaiah Joe,PHI,11.1,.350,1.0,0.6,0.3,0.1,0.3,3.6
531,Charlie Brown Jr.,PHI,8.5,.265,1.6,0.3,0.4,0.2,0.3,1.5
532,Paul Reed,PHI,7.9,.563,2.4,0.4,0.9,0.4,0.3,3.1
533,Charles Bassey,PHI,7.3,.638,2.7,0.3,0.2,0.7,0.3,3.0
534,Myles Powell,PHI,4.7,.294,0.5,0.3,0.1,0.0,0.3,1.2
535,Braxton Key,PHI,3.0,.500,1.0,0.5,0.5,0.0,1.0,1.0
536,Willie Cauley-Stein,PHI,3.0,,1.0,0.5,0.0,0.0,0.0,0.0
537,Jaden Springer,PHI,3.0,1.000,1.0,0.0,0.0,1.0,0.5,1.0
538,Aaron Henry,PHI,2.8,.200,0.2,0.0,0.0,0.3,0.3,0.3
539,Mikal Bridges,PHO,34.8,.534,4.2,2.3,1.2,0.4,0.8,14.2
540,Devin Booker,PHO,34.5,.466,5.0,4.8,1.1,0.4,2.4,26.8
541,Chris Paul,PHO,32.9,.493,4.4,10.8,1.9,0.3,2.4,14.7
542,Deandre Ayton,PHO,29.5,.634,10.2,1.4,0.7,0.7,1.6,17.2
543,Jae Crowder,PHO,28.1,.399,5.3,1.9,1.4,0.4,0.8,9.4
544,Cameron Johnson,PHO,26.2,.460,4.1,1.5,0.9,0.2,0.7,12.5
545,Cameron Payne,PHO,22.0,.409,3.0,4.9,0.7,0.3,1.8,10.8
546,Torrey Craig,PHO,20.8,.450,4.3,1.2,0.8,0.6,1.0,6.9
547,Landry Shamet,PHO,20.8,.394,1.8,1.6,0.4,0.1,0.6,8.3
548,Frank Kaminsky,PHO,20.1,.545,4.6,1.4,0.9,0.8,0.6,10.6
549,Aaron Holiday,PHO,16.3,.411,2.5,3.4,0.8,0.0,1.3,6.8
550,JaVale McGee,PHO,15.8,.629,6.7,0.6,0.3,1.1,1.3,9.2
551,Bismack Biyombo,PHO,14.1,.593,4.6,0.6,0.3,0.7,0.7,5.8
552,Jalen Smith,PHO,13.2,.460,4.8,0.2,0.2,0.6,0.8,6.0
553,Gabriel Lundberg,PHO,11.0,.263,1.8,2.8,0.8,0.0,0.8,3.3
554,Elfrid Payton,PHO,11.0,.383,1.8,2.0,0.5,0.1,0.9,3.0
555,Abdel Nader,PHO,10.4,.343,1.9,0.5,0.6,0.3,0.8,2.4
556,Ish Wainright,PHO,8.0,.394,1.2,0.3,0.4,0.1,0.3,2.4
557,Emanuel Terry,PHO,6.0,.000,5.0,0.7,0.3,0.0,1.7,0.0
558,Justin Jackson,PHO,5.8,.357,1.2,0.3,0.0,0.0,0.2,2.2
559,M.J. Walker,PHO,4.0,.000,0.5,0.5,1.0,0.0,0.0,0.0
560,Chandler Hutchison,PHO,3.7,.500,0.8,0.3,0.0,0.0,0.7,0.7
561,Paris Bass,PHO,3.5,.333,2.0,0.0,0.5,0.0,1.0,3.0
562,Damian Lillard,POR,36.4,.402,4.1,7.3,0.6,0.4,2.9,24.0
563,CJ McCollum,POR,35.2,.436,4.3,4.5,1.0,0.6,1.9,20.5
564,Norman Powell,POR,33.3,.456,3.3,2.1,1.0,0.4,1.6,18.7
565,Josh Hart,POR,32.1,.503,5.4,4.3,1.2,0.2,2.5,19.9
566,Robert Covington,POR,29.8,.381,5.7,1.4,1.5,1.3,1.2,7.6
567,Drew Eubanks,POR,29.5,.646,8.5,1.6,0.8,0.5,1.6,14.5
568,Anfernee Simons,POR,29.5,.443,2.6,3.9,0.5,0.1,2.0,17.3
569,Jusuf Nurkić,POR,28.2,.535,11.1,2.8,1.1,0.6,2.6,15.0
570,Justise Winslow,POR,26.8,.405,6.3,2.9,1.3,0.6,1.1,10.7
571,Brandon Williams,POR,26.7,.372,3.1,3.9,1.0,0.4,2.4,12.9
572,Nassir Little,POR,25.9,.460,5.6,1.3,0.6,0.9,1.0,9.8
573,Keon Johnson,POR,25.5,.357,2.7,2.9,1.0,0.5,1.8,9.7
574,Kris Dunn,POR,24.0,.431,3.5,5.6,1.6,0.2,2.3,7.6
575,Larry Nance Jr.,POR,23.2,.515,5.6,2.0,1.0,0.4,0.7,6.9
576,CJ Elleby,POR,20.2,.393,3.9,1.5,0.6,0.3,1.0,5.8
577,Ben McLemore,POR,20.1,.401,1.6,0.9,0.6,0.2,0.9,10.2
578,Reggie Perry,POR,19.7,.500,5.1,1.3,1.0,0.7,1.2,10.0
579,Trendon Watford,POR,18.1,.532,4.1,1.7,0.5,0.6,0.9,7.6
580,Didi Louzada,POR,17.4,.400,2.1,0.6,0.3,0.3,0.7,5.0
581,Dennis Smith Jr.,POR,17.2,.418,2.4,3.6,1.2,0.3,1.4,5.6
582,Cameron McGriff,POR,15.3,.357,5.0,1.0,0.0,0.3,0.0,4.7
583,Elijah Hughes,POR,14.6,.296,1.9,0.7,0.5,0.3,0.5,3.8
584,Tony Snell,POR,14.4,.371,1.9,0.5,0.2,0.2,0.3,2.6
585,Greg Brown III,POR,13.3,.426,2.8,0.7,0.5,0.5,0.8,4.7
586,Cody Zeller,POR,13.1,.567,4.6,0.8,0.3,0.2,0.7,5.2
587,Keljin Blevins,POR,11.3,.306,1.5,0.6,0.4,0.0,0.5,3.1
588,Jarron Cumberland,POR,4.0,.500,1.0,0.3,0.0,0.0,0.0,0.7
589,De'Aaron Fox,SAC,35.3,.473,3.9,5.6,1.2,0.4,2.8,23.2
590,Tyrese Haliburton,SAC,34.5,.457,3.9,7.4,1.7,0.7,2.3,14.3
591,Domantas Sabonis,SAC,33.6,.554,12.3,5.8,0.9,0.3,3.5,18.9
592,Harrison Barnes,SAC,33.5,.469,5.6,2.4,0.7,0.2,1.5,16.4
593,Buddy Hield,SAC,28.6,.382,4.0,1.9,0.9,0.3,1.6,14.4
594,Davion Mitchell,SAC,27.7,.418,2.2,4.2,0.7,0.3,1.5,11.5
595,Donte DiVincenzo,SAC,26.6,.362,4.4,3.6,1.5,0.2,1.8,10.3
596,Justin Holiday,SAC,25.6,.348,2.2,1.5,0.8,0.6,0.8,8.3
597,Richaun Holmes,SAC,23.9,.660,7.0,1.1,0.4,0.9,1.2,10.4
598,Trey Lyles,SAC,22.8,.489,5.6,1.3,0.3,0.3,0.8,10.6
599,Marvin Bagley III,SAC,22.1,.463,7.2,0.6,0.3,0.4,0.7,9.3
600,Chimezie Metu,SAC,21.3,.452,5.6,1.0,0.9,0.5,1.0,8.9
601,Jeremy Lamb,SAC,18.9,.403,3.5,1.8,0.5,0.5,0.8,7.9
602,Maurice Harkless,SAC,18.4,.459,2.4,0.5,0.6,0.5,0.7,4.6
603,Damian Jones,SAC,18.2,.658,4.4,1.2,0.5,0.8,1.1,8.1
604,Terence Davis,SAC,17.9,.423,3.1,1.3,0.8,0.4,1.1,10.4
605,Alex Len,SAC,15.9,.534,4.1,1.2,0.3,0.6,1.1,6.0
606,Tristan Thompson,SAC,15.2,.503,5.4,0.6,0.4,0.4,1.0,6.2
607,Louis King,SAC,10.4,.319,1.2,0.9,0.2,0.1,0.0,4.5
608,Josh Jackson,SAC,10.3,.347,1.5,0.4,0.4,0.3,0.8,4.3
609,Neemias Queta,SAC,8.0,.447,2.1,0.4,0.1,0.5,0.4,3.0
610,Jahmi'us Ramsey,SAC,7.1,.414,0.7,0.4,0.1,0.1,0.3,3.2
611,Emmanuel Mudiay,SAC,5.5,.000,0.0,2.0,0.5,0.0,0.5,1.5
612,Justin Robinson,SAC,5.0,.125,0.3,0.7,0.0,0.0,0.3,0.7
613,Robert Woodard II,SAC,3.5,.125,0.9,0.3,0.1,0.1,0.1,0.6
614,Ade Murkey,SAC,1.0,,0.0,0.0,0.0,0.0,0.0,0.0
615,Dejounte Murray,SAS,34.8,.462,8.3,9.2,2.0,0.3,2.6,21.1
616,Keldon Johnson,SAS,31.9,.466,6.1,2.1,0.8,0.2,1.2,17.0
617,Derrick White,SAS,30.3,.426,3.5,5.6,1.0,0.9,1.8,14.4
618,Jakob Poeltl,SAS,29.0,.618,9.3,2.8,0.7,1.7,1.6,13.5
619,Devin Vassell,SAS,27.3,.427,4.3,1.9,1.1,0.6,0.8,12.3
620,Josh Richardson,SAS,24.4,.429,2.9,2.3,1.0,0.3,1.3,11.4
621,Doug McDermott,SAS,24.0,.462,2.3,1.3,0.3,0.1,0.8,11.3
622,Lonnie Walker IV,SAS,23.0,.407,2.6,2.2,0.6,0.3,1.0,12.1
623,Joshua Primo,SAS,19.3,.374,2.3,1.6,0.4,0.5,1.1,5.8
624,Zach Collins,SAS,17.9,.490,5.5,2.2,0.5,0.8,1.6,7.8
625,Tyler Johnson,SAS,17.7,.200,2.0,1.7,0.7,0.7,0.3,2.0
626,Bryn Forbes,SAS,16.9,.432,1.6,1.0,0.4,0.1,0.8,9.1
627,Tre Jones,SAS,16.6,.490,2.2,3.4,0.6,0.1,0.7,6.0
628,Keita Bates-Diop,SAS,16.2,.517,3.9,0.7,0.5,0.2,0.8,5.7
629,Thaddeus Young,SAS,14.2,.578,3.6,2.3,0.9,0.3,1.2,6.1
630,Drew Eubanks,SAS,12.1,.528,4.0,1.0,0.3,0.6,0.9,4.7
631,Jock Landale,SAS,10.9,.495,2.6,0.8,0.2,0.3,0.6,4.9
632,Romeo Langford,SAS,10.8,.571,1.0,0.5,0.3,0.0,0.0,2.8
633,Juancho Hernangómez,SAS,10.2,.333,3.0,0.6,0.2,0.2,0.4,1.4
634,Tomáš Satoranský,SAS,9.0,,1.0,0.0,0.0,0.0,0.0,3.0
635,Devontae Cacok,SAS,8.1,.677,2.8,0.4,0.5,0.5,0.2,3.1
636,Joe Wieskamp,SAS,7.1,.357,0.5,0.3,0.1,0.1,0.1,2.1
637,Jaylen Morris,SAS,5.3,.000,0.7,0.7,0.0,0.0,0.3,0.7
638,Anthony Lamb,SAS,4.0,.000,0.5,1.0,0.0,0.0,0.0,0.0
639,Fred VanVleet,TOR,37.9,.403,4.4,6.7,1.7,0.5,2.6,20.3
640,Pascal Siakam,TOR,37.9,.494,8.5,5.3,1.3,0.6,2.7,22.8
641,OG Anunoby,TOR,36.0,.443,5.5,2.6,1.5,0.5,1.7,17.1
642,Scottie Barnes,TOR,35.4,.492,7.5,3.5,1.1,0.7,1.8,15.3
643,Gary Trent Jr.,TOR,35.0,.414,2.7,2.0,1.7,0.3,1.0,18.3
644,Juwan Morgan,TOR,27.0,.667,4.0,1.0,0.0,0.0,0.0,5.0
645,Precious Achiuwa,TOR,23.6,.439,6.5,1.1,0.5,0.6,1.2,9.1
646,Chris Boucher,TOR,21.1,.464,6.2,0.3,0.6,0.9,0.5,9.4
647,Tremont Waters,TOR,21.0,.250,2.0,3.5,2.0,0.0,2.0,4.0
648,Thaddeus Young,TOR,18.3,.465,4.4,1.7,1.2,0.4,0.8,6.3
649,Goran Dragić,TOR,18.0,.382,2.8,1.8,1.0,0.2,0.2,8.0
650,Khem Birch,TOR,18.0,.485,4.3,1.0,0.5,0.5,0.5,4.5
651,D.J. Wilson,TOR,13.5,.733,4.0,1.3,1.3,0.3,0.5,7.5
652,Svi Mykhailiuk,TOR,12.8,.389,1.6,0.8,0.5,0.1,0.6,4.6
653,Malachi Flynn,TOR,12.2,.393,1.4,1.6,0.5,0.1,0.3,4.3
654,Armoni Brooks,TOR,11.8,.289,1.7,1.0,0.5,0.2,0.3,2.6
655,Yuta Watanabe,TOR,11.7,.406,2.4,0.6,0.3,0.4,0.5,4.3
656,Dalano Banton,TOR,10.9,.411,1.9,1.5,0.4,0.2,0.8,3.2
657,Daniel Oturu,TOR,9.0,.500,1.7,0.0,0.0,0.7,0.0,3.0
658,Justin Champagnie,TOR,7.8,.463,2.0,0.3,0.2,0.1,0.2,2.3
659,Isaac Bonga,TOR,4.6,.231,0.5,0.3,0.5,0.1,0.1,0.8
660,David Johnson,TOR,1.0,.000,0.0,0.0,0.0,0.0,0.0,0.0
661,Sam Dekker,TOR,1.0,,0.0,0.0,0.0,0.0,0.0,0.0
662,Donovan Mitchell,UTA,33.8,.448,4.2,5.3,1.5,0.2,3.0,25.9
663,Rudy Gobert,UTA,32.1,.713,14.7,1.1,0.7,2.1,1.8,15.6
664,Royce O'Neale,UTA,31.2,.457,4.8,2.5,1.1,0.4,1.0,7.4
665,Bojan Bogdanović,UTA,30.9,.455,4.3,1.7,0.5,0.0,1.7,18.1
666,Mike Conley,UTA,28.6,.435,3.0,5.3,1.3,0.3,1.7,13.7
667,Jordan Clarkson,UTA,27.1,.419,3.5,2.5,0.8,0.2,1.6,16.0
668,Joe Ingles,UTA,24.9,.404,2.9,3.5,0.5,0.1,1.0,7.2
669,Danuel House Jr.,UTA,19.6,.447,2.7,1.0,0.6,0.5,0.6,6.8
670,Rudy Gay,UTA,18.9,.414,4.4,1.0,0.5,0.3,0.9,8.1
671,Hassan Whiteside,UTA,17.9,.652,7.6,0.4,0.3,1.6,0.8,8.2
672,Juancho Hernangómez,UTA,17.5,.507,3.5,0.8,0.5,0.4,0.5,6.2
673,Trent Forrest,UTA,12.8,.490,1.7,1.8,0.5,0.1,0.8,3.3
674,Eric Paschall,UTA,12.7,.485,1.8,0.6,0.2,0.1,0.5,5.8
675,Udoka Azubuike,UTA,11.5,.755,4.2,0.0,0.1,0.6,0.7,4.7
676,Nickeil Alexander-Walker,UTA,9.9,.333,1.5,1.1,0.3,0.3,0.5,3.5
677,Denzel Valentine,UTA,9.0,.500,2.0,0.0,0.5,0.0,1.0,2.5
678,Greg Monroe,UTA,8.7,.800,3.0,1.0,0.0,0.3,0.0,4.0
679,Jared Butler,UTA,8.6,.404,1.1,1.5,0.4,0.2,0.8,3.8
680,Elijah Hughes,UTA,8.0,.417,1.2,0.4,0.3,0.1,0.5,3.1
681,Norvel Pelle,UTA,6.3,.600,2.0,0.0,0.0,0.3,0.7,2.0
682,Malik Fitts,UTA,5.0,.222,1.4,0.0,0.0,0.0,0.3,0.9
683,Zylan Cheatham,UTA,5.0,.000,0.0,0.0,0.0,0.0,0.0,0.0
684,Xavier Sneed,UTA,4.4,.250,0.6,0.1,0.0,0.0,0.0,0.7
685,Miye Oni,UTA,2.8,.222,0.4,0.3,0.0,0.0,0.1,0.3
686,Bradley Beal,WAS,36.0,.451,4.7,6.6,0.9,0.4,3.4,23.2
687,Kyle Kuzma,WAS,33.4,.452,8.5,3.5,0.6,0.9,2.6,17.1
688,Kentavious Caldwell-Pope,WAS,30.2,.435,3.4,1.9,1.1,0.3,1.3,13.2
689,Spencer Dinwiddie,WAS,30.2,.376,4.7,5.8,0.6,0.2,1.7,12.6
690,Kristaps Porziņģis,WAS,28.2,.475,8.8,2.9,0.7,1.5,1.6,22.1
691,Brad Wanamaker,WAS,27.0,.400,4.0,7.0,2.0,0.0,0.0,7.0
692,Montrezl Harrell,WAS,24.3,.645,6.7,2.1,0.4,0.7,1.1,14.1
693,Deni Avdija,WAS,24.2,.432,5.2,2.0,0.7,0.5,1.1,8.4
694,Corey Kispert,WAS,23.4,.455,2.7,1.1,0.5,0.3,0.6,8.2
695,Rui Hachimura,WAS,22.5,.491,3.8,1.1,0.5,0.2,0.8,11.3
696,Ish Smith,WAS,22.0,.457,3.0,5.2,1.0,0.5,1.5,8.6
697,Daniel Gafford,WAS,20.1,.693,5.7,0.9,0.4,1.4,0.9,9.4
698,Raul Neto,WAS,19.6,.463,1.9,3.1,0.8,0.0,1.1,7.5
699,Tomáš Satoranský,WAS,18.9,.476,2.8,4.9,0.7,0.2,1.0,4.9
700,Thomas Bryant,WAS,16.3,.520,4.0,0.9,0.2,0.8,0.7,7.4
701,Aaron Holiday,WAS,16.2,.467,1.6,1.9,0.6,0.2,1.0,6.1
702,Dāvis Bertāns,WAS,14.7,.351,1.8,0.5,0.3,0.2,0.4,5.7
703,Anthony Gill,WAS,10.5,.569,1.9,0.6,0.1,0.3,0.4,4.1
704,Greg Monroe,WAS,9.0,.500,5.0,0.5,0.5,0.5,1.0,4.0
705,Vernon Carey Jr.,WAS,9.0,.571,2.3,0.0,0.3,0.3,0.7,4.0
706,Tremont Waters,WAS,8.0,.500,0.0,0.0,1.0,0.0,0.0,2.0
707,Jordan Schakel,WAS,7.5,.091,2.0,0.0,0.3,0.0,0.3,1.3
708,Craig Sword,WAS,6.3,.750,0.0,0.3,1.3,0.0,0.3,2.0
709,Isaiah Todd,WAS,6.2,.269,1.0,0.3,0.3,0.2,0.3,1.7
710,Alize Johnson,WAS,6.0,.333,4.0,0.0,0.0,0.0,1.0,1.3
711,Cassius Winston,WAS,5.6,.364,0.1,1.0,0.0,0.0,0.4,2.0
712,Jordan Goodwin,WAS,3.0,.000,0.5,0.0,0.0,0.0,0.0,0.0
713,Jaime Echenique,WAS,3.0,,0.0,0.0,0.0,0.0,0.0,0.0
714,Joel Ayayi,WAS,2.9,.167,0.4,0.6,0.0,0.0,0.0,0.3
